Category,Topic,Studied? (Y/N),Confidence (1-3),Notes,Yield (MCQ+OSCE),UK Notes Coverage (est.),If gap: suggested resource
Gastroenterology & Hepatology,Abdominal X-ray,,,,Medium,Likely covered,
Gastroenterology & Hepatology,"Abdominal bleeding (bruising, petechiae)",,,,Medium,Likely covered,
Gastroenterology & Hepatology,Abdominal pain,,,,High,Likely covered,
Gastroenterology & Hepatology,Abdominal pain in infancy and childhood,,,,High,Likely covered,
Gastroenterology & Hepatology,Abdominal swelling or mass,,,,Medium,Partially covered,Zero to Finals - Gastroenterology
Gastroenterology & Hepatology,Acute and chronic pancreatitis,,,,Medium,Likely covered,
Gastroenterology & Hepatology,"Acute liver failure (e.g. hepatotoxic exposures, paracetamol overdose)",,,,High,Likely covered,
Gastroenterology & Hepatology,Alcohol-related Fatty Liver Disease,,,,High,Likely covered,
Gastroenterology & Hepatology,Alcoholic liver disease,,,,High,Likely covered,
Gastroenterology & Hepatology,Amylase/Lipase (added — surgical abdomen),,,,Low,Unlikely covered,Zero to Finals - Gastroenterology
Gastroenterology & Hepatology,Anal fissures,,,,Medium,Likely covered,
Gastroenterology & Hepatology,Anal fistulas,,,,Medium,Likely covered,
Gastroenterology & Hepatology,Anorexia,,,,High,Likely covered,
Gastroenterology & Hepatology,Appendicitis,,,,High,Likely covered,
Gastroenterology & Hepatology,Ascites,,,,Medium,Partially covered,Zero to Finals - Gastroenterology
Gastroenterology & Hepatology,"Ascitic fluid analysis (paracentesis) — liver disease workups, general medicine/surgery",,,,Medium,Partially covered,Zero to Finals - Gastroenterology
Gastroenterology & Hepatology,Barrett’s oesophagus,,,,High,Unlikely covered,Zero to Finals - Gastroenterology
Gastroenterology & Hepatology,Biliary MALIGNANCY,,,,Medium,Unlikely covered,Zero to Finals - Gastroenterology
Gastroenterology & Hepatology,Biliary colic,,,,High,Unlikely covered,Zero to Finals - Gastroenterology
Gastroenterology & Hepatology,Biliary tract disorders,,,,Medium,Likely covered,
Gastroenterology & Hepatology,Bowel obstruction,,,,High,Likely covered,
Gastroenterology & Hepatology,"CT chest, CT abdomen",,,,Medium,Unlikely covered,Zero to Finals - Gastroenterology
Gastroenterology & Hepatology,"Cancer (e.g. oesophageal cancer, gastric cancer)",,,,Medium,Likely covered,
Gastroenterology & Hepatology,Causes of frank PR bleeding,,,,Medium,Likely covered,
Gastroenterology & Hepatology,Causes of haematochezia,,,,Medium,Likely covered,
Gastroenterology & Hepatology,Causes of malaena,,,,Medium,Likely covered,
Gastroenterology & Hepatology,Cecal volvulus,,,,Medium,Unlikely covered,Zero to Finals - Gastroenterology
Gastroenterology & Hepatology,Cholangitis,,,,Medium,Likely covered,
Gastroenterology & Hepatology,Cholecystitis,,,,High,Likely covered,
Gastroenterology & Hepatology,Chronic liver disease,,,,High,Likely covered,
Gastroenterology & Hepatology,Cirrhosis,,,,Medium,Unlikely covered,Zero to Finals - Gastroenterology
Gastroenterology & Hepatology,Coeliac disease,,,,High,Likely covered,
Gastroenterology & Hepatology,Colo-rectal MALIGNANCY,,,,Medium,Unlikely covered,Zero to Finals - Gastroenterology
Gastroenterology & Hepatology,Colorectal cancer,,,,High,Likely covered,
Gastroenterology & Hepatology,Colorectal cancers,,,,Medium,Likely covered,
Gastroenterology & Hepatology,"Common complications of liver disease – jaundice, ascites, varices",,,,Medium,Likely covered,
Gastroenterology & Hepatology,"Common dermatological conditions: eczema, psoriasis, acne, rosacea, urticarial, bacterial, viral, fungal and insect infections, benign growths: epidermoid cysts, seborrheic keratosis, malignancy conditions: BCC, SCC, Bowen’s disease, keratoacanthoma, melanoma, pruritus, hair and nail diseases, ulcers: including venous, arterial, malignant and pressure ulcers, SLE, lichen planus, purpura",,,,High,Likely covered,
Gastroenterology & Hepatology,Constipation,,,,High,Unlikely covered,Zero to Finals - Gastroenterology
Gastroenterology & Hepatology,Corneal ulcer,,,,High,Likely covered,
Gastroenterology & Hepatology,Corneal ulceration,,,,Medium,Unlikely covered,Zero to Finals - Gastroenterology
Gastroenterology & Hepatology,Diarrhoea (acute and chronic),,,,High,Likely covered,
Gastroenterology & Hepatology,Diverticulitis,,,,High,Unlikely covered,Zero to Finals - Gastroenterology
Gastroenterology & Hepatology,Dyspepsia,,,,Medium,Likely covered,
Gastroenterology & Hepatology,Gastric MALIGNANCY,,,,Medium,Unlikely covered,Zero to Finals - Gastroenterology
Gastroenterology & Hepatology,Gastro-Oesophageal Reflux Disease,,,,High,Likely covered,
Gastroenterology & Hepatology,Gastro-oesophageal reflux,,,,High,Likely covered,
Gastroenterology & Hepatology,Gastro-oesophageal reflux disorder,,,,High,Likely covered,
Gastroenterology & Hepatology,"Gastroenteritis in infancy and childhood, dehydration and fluid management",,,,High,Unlikely covered,Zero to Finals - Gastroenterology
Gastroenterology & Hepatology,Gastrointestinal perforation,,,,Medium,Unlikely covered,Zero to Finals - Gastroenterology
Gastroenterology & Hepatology,Haematemesis,,,,Medium,Unlikely covered,Zero to Finals - Gastroenterology
Gastroenterology & Hepatology,Hepatitis A,,,,Medium,Likely covered,
Gastroenterology & Hepatology,Hepatitis B,,,,Medium,Likely covered,
Gastroenterology & Hepatology,Hepatitis B & C,,,,Medium,Likely covered,
Gastroenterology & Hepatology,Hepatitis C,,,,Medium,Likely covered,
Gastroenterology & Hepatology,Hepatitis D,,,,Medium,Likely covered,
Gastroenterology & Hepatology,Hepatitis E,,,,Medium,Likely covered,
Gastroenterology & Hepatology,Hernia,,,,High,Likely covered,
Gastroenterology & Hepatology,Hernias,,,,Medium,Likely covered,
Gastroenterology & Hepatology,Herniated intervertebral disc INJURY,,,,High,Likely covered,
Gastroenterology & Hepatology,Hiatus hernia,,,,Medium,Likely covered,
Gastroenterology & Hepatology,INFECTIVE GASTROENTERITIS,,,,High,Likely covered,
Gastroenterology & Hepatology,INFLAMMATORY BOWEL DISEASE Crohn's,,,,High,Likely covered,
Gastroenterology & Hepatology,Ileus,,,,Medium,Unlikely covered,Zero to Finals - Gastroenterology
Gastroenterology & Hepatology,Indigestion/Reflux,,,,Medium,Likely covered,
Gastroenterology & Hepatology,Infective diarrhoea,,,,High,Likely covered,
Gastroenterology & Hepatology,"Inflammatory bowel disease (ulcerative colitis, Crohn’s disease)",,,,High,Likely covered,
Gastroenterology & Hepatology,Inflammatory bowel diseases,,,,High,Likely covered,
Gastroenterology & Hepatology,Intussusception,,,,Medium,Likely covered,
Gastroenterology & Hepatology,Irritable bowel syndrome,,,,High,Likely covered,
Gastroenterology & Hepatology,Ischaemic bowel,,,,High,Likely covered,
Gastroenterology & Hepatology,Jaundice,,,,Medium,Likely covered,
Gastroenterology & Hepatology,Large Intestine BOWEL OBSTRUCTION,,,,High,Likely covered,
Gastroenterology & Hepatology,Leg ulcers,,,,Medium,Likely covered,
Gastroenterology & Hepatology,Liver Metastases,,,,Medium,Likely covered,
Gastroenterology & Hepatology,Malabsorption,,,,High,Unlikely covered,Zero to Finals - Gastroenterology
Gastroenterology & Hepatology,Malnutrition,,,,Medium,Likely covered,
Gastroenterology & Hepatology,Melaena,,,,Medium,Likely covered,
Gastroenterology & Hepatology,Nausea and Vomiting,,,,Medium,Likely covered,
Gastroenterology & Hepatology,Non-Alcohol-related Fatty Liver Disease,,,,High,Likely covered,
Gastroenterology & Hepatology,Non-alcoholic fatty liver disease,,,,High,Likely covered,
Gastroenterology & Hepatology,Oesophageal MALIGNANCY,,,,Medium,Likely covered,
Gastroenterology & Hepatology,Oesophageal tears,,,,Medium,Likely covered,
Gastroenterology & Hepatology,Oesophagus disorders including cancers,,,,Medium,Likely covered,
Gastroenterology & Hepatology,Pancreatic MALIGNANCY,,,,Medium,Likely covered,
Gastroenterology & Hepatology,Pancreatitis,,,,Medium,Likely covered,
Gastroenterology & Hepatology,Peptic ulcer disease,,,,High,Likely covered,
Gastroenterology & Hepatology,Primary Hepatocellular Malignancy,,,,Medium,Partially covered,Zero to Finals - Gastroenterology
Gastroenterology & Hepatology,Rectal bleeding,,,,Medium,Likely covered,
Gastroenterology & Hepatology,Retinoblastoma,,,,Medium,Unlikely covered,Zero to Finals - Gastroenterology
Gastroenterology & Hepatology,Sigmoid volvulus,,,,Medium,Unlikely covered,Zero to Finals - Gastroenterology
Gastroenterology & Hepatology,Small Intestine BOWEL OBSTRUCTION,,,,High,Likely covered,
Gastroenterology & Hepatology,Stomas,,,,Medium,Unlikely covered,Zero to Finals - Gastroenterology
Gastroenterology & Hepatology,"Surgical’ Abdomen: Appendicitis, Intussusception",,,,High,Likely covered,
Gastroenterology & Hepatology,Swallowing difficulty / Dysphagia,,,,Medium,Partially covered,Zero to Finals - Gastroenterology
Gastroenterology & Hepatology,The acute abdomen,,,,Medium,Unlikely covered,Zero to Finals - Gastroenterology
Gastroenterology & Hepatology,Traveller diarrhoea,,,,High,Likely covered,
Gastroenterology & Hepatology,Ulceration (specify site),,,,Medium,Unlikely covered,Zero to Finals - Gastroenterology
Gastroenterology & Hepatology,Ulcerative Colitis,,,,High,Likely covered,
Gastroenterology & Hepatology,Upper gastrointestinal bleeding,,,,Medium,Likely covered,
Gastroenterology & Hepatology,"Vomiting in infancy and childhood, GORD, pyloric stenosis",,,,Medium,Likely covered,
Gastroenterology & Hepatology,"Wound and wound management (1°, 2° closure, drainage, ulcers",,,,Medium,Partially covered,Zero to Finals - Gastroenterology
Gastroenterology & Hepatology,cholelithiasis,,,,Medium,Unlikely covered,Zero to Finals - Gastroenterology
Neurology,"Aphasia / Dysphasia (Receptive, expressive,",,,,Low,Likely covered,
Neurology,"Ataxia - cerebellum, sensory (proprioception), vestibular system",,,,Low,Unlikely covered,Zero to Finals - Neurology
Neurology,Balance or gait disorder,,,,Low,Likely covered,
Neurology,Bell’s palsy,,,,Low,Likely covered,
Neurology,Benign Positional Paroxysmal Vertigo,,,,Low,Likely covered,
Neurology,Brain tumour types and presentation,,,,Medium,Likely covered,
Neurology,Brain tumours,,,,Low,Likely covered,
Neurology,CSF (fits psych/neuro differentials and general medicine),,,,Low,Likely covered,
Neurology,CT head (trauma/stroke — pairs naturally with X-ray systematic approach),,,,Medium,Likely covered,
Neurology,"Caring for the elderly in community: dementia, mobility, Parkinson’s disease, recurrent falls",,,,High,Partially covered,Zero to Finals - Neurology
Neurology,Cauda equina*,,,,High,Likely covered,
Neurology,Central Vertigo,,,,Low,Likely covered,
Neurology,Charcot-Marie-Tooth,,,,Low,Likely covered,
Neurology,Chiari malformations,,,,Low,Unlikely covered,Zero to Finals - Neurology
Neurology,Confusion and/or disorientation,,,,High,Partially covered,Zero to Finals - Neurology
Neurology,"Confusion, delirium and dementia",,,,High,Likely covered,
Neurology,Conversion disorder (functional neurology symptom disorder),,,,Medium,Unlikely covered,Zero to Finals - Neurology
Neurology,Delirium,,,,High,Likely covered,
Neurology,Dizziness,,,,Low,Unlikely covered,Zero to Finals - Neurology
Neurology,Encephalitis,,,,High,Likely covered,
Neurology,"Epilepsy (Main types, first seizure)",,,,Medium,Likely covered,
Neurology,Extradural haematoma,,,,Medium,Likely covered,
Neurology,Febrile seizures,,,,High,Likely covered,
Neurology,Guillain-Barre,,,,High,Likely covered,
Neurology,Headache,,,,High,Likely covered,
Neurology,Headache in a child,,,,High,Likely covered,
Neurology,Horner’s syndrome,,,,Low,Unlikely covered,Zero to Finals - Neurology
Neurology,Hydrocephalus,,,,High,Unlikely covered,Zero to Finals - Neurology
Neurology,"Hyperkinetic - Basal ganglia eg Huntington's, Tremors, Dystonias",,,,Low,Unlikely covered,Zero to Finals - Neurology
Neurology,"Intra-Cranial Haemorrhage; Extra-dural, Sub-dural, Sub-Arachnoid, Intra-cerebral",,,,Medium,Likely covered,
Neurology,Ischaemic stroke and TIA,,,,High,Likely covered,
Neurology,Loss or altered conscious state,,,,Medium,Partially covered,Zero to Finals - Neurology
Neurology,"MRI brain, MRI spine",,,,Low,Likely covered,
Neurology,Malignant spinal cord compression*,,,,Medium,Likely covered,
Neurology,Meningitis,,,,High,Likely covered,
Neurology,Migraine,,,,Low,Likely covered,
Neurology,Motor Neurone Disease,,,,Medium,Likely covered,
Neurology,Movement disorder,,,,Low,Likely covered,
Neurology,Multiple sclerosis,,,,High,Likely covered,
Neurology,Muscular dystrophy,,,,Low,Likely covered,
Neurology,Myasthenia Gravis,,,,Low,Likely covered,
Neurology,NIHSS (stroke — pairs with CT head from last week),,,,Medium,Likely covered,
Neurology,Neurological dysfunction or deficit (motor),,,,Medium,Partially covered,Zero to Finals - Neurology
Neurology,Parkinson disease,,,,High,Likely covered,
Neurology,Peripheral Vertigo,,,,Medium,Likely covered,
Neurology,Peripheral neuropathies,,,,Medium,Likely covered,
Neurology,Peripheral neuropathy,,,,High,Likely covered,
Neurology,Radiculopathies,,,,Low,Unlikely covered,Zero to Finals - Neurology
Neurology,Spasticity,,,,Low,Likely covered,
Neurology,Speech disorder,,,,High,Likely covered,
Neurology,Spinal cord compression and spinal cord lesions,,,,Medium,Likely covered,
Neurology,Spinal cord disease/compression,,,,Medium,Likely covered,
Neurology,Subarachnoid haemorrhage,,,,High,Likely covered,
Neurology,Subdural haematoma,,,,Medium,Likely covered,
Neurology,Transient Ischaemic Attack,,,,High,Likely covered,
Neurology,Tredelenburg’s gait,,,,Low,Unlikely covered,Zero to Finals - Neurology
Neurology,Tremor,,,,Low,Likely covered,
Neurology,Trigeminal neuralgia,,,,Low,Unlikely covered,Zero to Finals - Neurology
Neurology,Vertigo,,,,Low,Likely covered,
Neurology,Vestibular Neuronitis,,,,Low,Likely covered,
Neurology,"Vitals-adjacent scores: GCS, AVPU, Pain scales",,,,Medium,Partially covered,Zero to Finals - Neurology
Neurology,Weakness,,,,High,Likely covered,
Neurology,cluster headaches,,,,Low,Likely covered,
Older Persons Health / Geriatrics (NEW),Capacity assessment & substitute decision maker,,,,High,N/A - new category,Oxford Handbook of Geriatric Medicine; '5 Ms of Geriatrics' framework
Older Persons Health / Geriatrics (NEW),"Cognitive screening tools (MMSE, MoCA, AMTS) & MCI progression to dementia",,,,High,N/A - new category,Oxford Handbook of Geriatric Medicine; '5 Ms of Geriatrics' framework
Older Persons Health / Geriatrics (NEW),"Cognitive screens: MMSE, MoCA, AMTS",,,,Medium,Unlikely covered,Oxford Handbook of Geriatric Medicine; '5 Ms of Geriatrics' framework
Older Persons Health / Geriatrics (NEW),Delirium vs dementia vs depression (differentiating in the elderly),,,,High,N/A - new category,Oxford Handbook of Geriatric Medicine; '5 Ms of Geriatrics' framework
Older Persons Health / Geriatrics (NEW),Discharge planning / home safety assessment,,,,High,N/A - new category,Oxford Handbook of Geriatric Medicine; '5 Ms of Geriatrics' framework
Older Persons Health / Geriatrics (NEW),Elder abuse / carer stress recognition,,,,High,N/A - new category,Oxford Handbook of Geriatric Medicine; '5 Ms of Geriatrics' framework
Older Persons Health / Geriatrics (NEW),Fall (recurrent falls),,,,High,Partially covered,Oxford Handbook of Geriatric Medicine; '5 Ms of Geriatrics' framework
Older Persons Health / Geriatrics (NEW),Frailty phenotype / frailty assessment,,,,High,N/A - new category,Oxford Handbook of Geriatric Medicine; '5 Ms of Geriatrics' framework
Older Persons Health / Geriatrics (NEW),"Long-term care planning (e.g. advanced directives, ceiling of care)",,,,High,Likely covered,
Older Persons Health / Geriatrics (NEW),Osteopenia/osteoporosis management & falls-related fracture prevention,,,,High,N/A - new category,Oxford Handbook of Geriatric Medicine; '5 Ms of Geriatrics' framework
Older Persons Health / Geriatrics (NEW),Polypharmacy review / deprescribing in the elderly,,,,High,N/A - new category,Oxford Handbook of Geriatric Medicine; '5 Ms of Geriatrics' framework
"Injury, Poisoning, Envenomation & Environmental (NEW)",Adult choking,,,,Medium,Likely covered,
"Injury, Poisoning, Envenomation & Environmental (NEW)","Adult, paediatric and neonatal resuscitation",,,,Low,Partially covered,Oxford Handbook of Emergency Medicine; Toxbase-style overdose summaries
"Injury, Poisoning, Envenomation & Environmental (NEW)",Burns,,,,Low,Unlikely covered,Oxford Handbook of Emergency Medicine; Toxbase-style overdose summaries
"Injury, Poisoning, Envenomation & Environmental (NEW)",Burns and scalds,,,,Low,Unlikely covered,Oxford Handbook of Emergency Medicine; Toxbase-style overdose summaries
"Injury, Poisoning, Envenomation & Environmental (NEW)",Lacerations and abrasions,,,,Low,Unlikely covered,Oxford Handbook of Emergency Medicine; Toxbase-style overdose summaries
"Injury, Poisoning, Envenomation & Environmental (NEW)",Major trauma,,,,Medium,Likely covered,
"Injury, Poisoning, Envenomation & Environmental (NEW)","Overdoses of medications such as paracetamol, opioids and benzodiazepines",,,,Medium,Likely covered,
"Injury, Poisoning, Envenomation & Environmental (NEW)",Shock,,,,High,Likely covered,
"Injury, Poisoning, Envenomation & Environmental (NEW)",Trauma,,,,Medium,Likely covered,
"Injury, Poisoning, Envenomation & Environmental (NEW)",Traumatic head injury,,,,Medium,Likely covered,
Cardiology,ARF & RHD,,,,Medium,Likely covered,
Cardiology,"Abdominal US, Pelvic US, Cardiac US",,,,Medium,Likely covered,
Cardiology,Abdominal aortic aneurysm,,,,High,Likely covered,
Cardiology,Acute Coronary Syndrome,,,,High,Likely covered,
Cardiology,Acute heart failure,,,,High,Likely covered,
Cardiology,Acute pulmonary oedema,,,,High,Likely covered,
Cardiology,Aneurysm,,,,Medium,Likely covered,
Cardiology,Aortic Dissection,,,,High,Likely covered,
Cardiology,Aortic Stenosis,,,,Medium,Likely covered,
Cardiology,"Aortic coarctation,",,,,Medium,Likely covered,
Cardiology,Aortic regurgitation,,,,High,Likely covered,
Cardiology,Arrhythmias,,,,Medium,Likely covered,
Cardiology,Arrythmia,,,,Medium,Unlikely covered,Zero to Finals - Cardiology
Cardiology,Atrial Fibrillation,,,,High,Likely covered,
Cardiology,Atrial flutter,,,,High,Likely covered,
Cardiology,BNP/NT-proBNP,,,,Medium,Unlikely covered,Zero to Finals - Cardiology
Cardiology,Benign Intracranial Hypertension,,,,High,Likely covered,
Cardiology,Bifasicular Block,,,,Medium,Partially covered,Zero to Finals - Cardiology
Cardiology,Bradyarrhythmias,,,,Medium,Unlikely covered,Zero to Finals - Cardiology
Cardiology,Cardiac markers (troponin) + Lactate (added),,,,Low,Likely covered,
Cardiology,Carotid artery stenosis,,,,Medium,Partially covered,Zero to Finals - Cardiology
Cardiology,Chest pain,,,,High,Likely covered,
Cardiology,Chronic heart failure,,,,High,Likely covered,
Cardiology,Claudication,,,,Medium,Unlikely covered,Zero to Finals - Cardiology
Cardiology,Collapse (conscious and unconscious),,,,Medium,Likely covered,
Cardiology,Congenital heart disease,,,,High,Likely covered,
Cardiology,Congestive heart failure,,,,High,Likely covered,
Cardiology,Coronary Artery Disease (,,,,High,Likely covered,
Cardiology,DVT,,,,High,Likely covered,
Cardiology,Dilated cardiomyopathy,,,,Medium,Likely covered,
Cardiology,Discussing ‘Do Not Attempt Cardiopulmonary Resuscitation (DNACPR),,,,Low,Unlikely covered,Zero to Finals - Cardiology
Cardiology,Doppler/ABI (vascular/peripheral),,,,High,Likely covered,
Cardiology,Dyslipidemia,,,,Medium,Likely covered,
Cardiology,"Ectopic heartbeats: premature ventricular contractions (PVCs), premature atrial contractions (PACs)",,,,Medium,Likely covered,
Cardiology,Endocarditis,,,,High,Likely covered,
Cardiology,"Erythema (Incl systemic disease, drug reactions)",,,,Medium,Partially covered,Zero to Finals - Cardiology
Cardiology,First Degree Heart Block,,,,High,Likely covered,
Cardiology,HEart vavlular regurgiation,,,,High,Likely covered,
Cardiology,Heart Block,,,,High,Likely covered,
Cardiology,Heart Failure Left,,,,High,Likely covered,
Cardiology,Heart Failure Right,,,,High,Likely covered,
Cardiology,Heart – Cardiac arrest,,,,High,Likely covered,
Cardiology,Heart – Murmur,,,,High,Likely covered,
Cardiology,Heart – Palpitations,,,,High,Likely covered,
Cardiology,Hypertension,,,,High,Likely covered,
Cardiology,Hypertrophic Obstructive Cardiomyopathy,,,,Medium,Likely covered,
Cardiology,Infective Endocé,,,,Medium,Likely covered,
Cardiology,Ischaemic Cardiomyopathy,,,,Medium,Likely covered,
Cardiology,Ischaemic heart disease,,,,High,Likely covered,
Cardiology,Left Anterior Fascicular Block,,,,Medium,Partially covered,Zero to Finals - Cardiology
Cardiology,Left Bundle Branch Block,,,,Medium,Likely covered,
Cardiology,Left Posterior Fasicular Block,,,,Medium,Partially covered,Zero to Finals - Cardiology
Cardiology,"Management of patients with multiple chronic medical problems: COPD/asthma, CKD, congestive heart failure, ischaemic heart disease, diabetes, cirrhosis, rheumatoid arthritis, osteoporosis, HIV, stroke, depression",,,,High,Likely covered,
Cardiology,Mitral Regurgitation,,,,Medium,Likely covered,
Cardiology,Mitral stenosis,,,,Medium,Likely covered,
Cardiology,Myocarditis,,,,Medium,Unlikely covered,Zero to Finals - Cardiology
Cardiology,NON-STEMI,,,,High,Likely covered,
Cardiology,Non-ischaemic Cardiomyopathy,,,,Medium,Likely covered,
Cardiology,Ocular manifestations of systemic disease,,,,Medium,Partially covered,Zero to Finals - Cardiology
Cardiology,Pericarditis,,,,High,Likely covered,
Cardiology,Peripheral Vascular Disease,,,,High,Likely covered,
Cardiology,Peripheral artery disease,,,,Medium,Likely covered,
Cardiology,Peripheral oedema,,,,Medium,Likely covered,
Cardiology,Peripheral vascular diseases,,,,High,Likely covered,
Cardiology,Popliteal aneurysm,,,,Medium,Likely covered,
Cardiology,Preserved Ejection Fraction Heart Failure,,,,High,Likely covered,
Cardiology,Pulmonary Hypertension,,,,High,Likely covered,
Cardiology,Reduced Ejection Fraction Heart Failure,,,,High,Likely covered,
Cardiology,Restrictive cardiomyopathy,,,,Medium,Likely covered,
Cardiology,Rheumatic Heart Disease,,,,High,Likely covered,
Cardiology,Right Bundle Branch Block,,,,Medium,Likely covered,
Cardiology,STEMI,,,,High,Likely covered,
Cardiology,Second Degree Heart Block Mobitz I,,,,Medium,Likely covered,
Cardiology,Stable Angina,,,,Medium,Likely covered,
Cardiology,Superventricular tachycardia (SVT),,,,Medium,Likely covered,
Cardiology,Supra-Ventricular Tachycardia,,,,Medium,Likely covered,
Cardiology,Syncope,,,,High,Likely covered,
Cardiology,Systemic Lupus Erythematosus,,,,High,Likely covered,
Cardiology,Systemic sclerosis,,,,Medium,Likely covered,
Cardiology,Tamponade,,,,Medium,Likely covered,
Cardiology,Third Degree Heart Block,,,,High,Likely covered,
Cardiology,Trifasicular Block,,,,Medium,Partially covered,Zero to Finals - Cardiology
Cardiology,Unstable Angina,,,,High,Likely covered,
Cardiology,Valvular heart disease,,,,High,Likely covered,
Cardiology,Varicose vein,,,,Medium,Likely covered,
Cardiology,Ventricular Tachycardia,,,,Medium,Likely covered,
Cardiology,Wolff-Parkinson White Syndrome (WPW),,,,Medium,Likely covered,
Cardiology,sudden cardiac arrest,,,,Medium,Likely covered,
Cardiology,tachyarrhythmias,,,,Medium,Unlikely covered,Zero to Finals - Cardiology
"Immunology, Allergy & Infectious Disease",Allergic Rhinitis (Hayfever),,,,High,Unlikely covered,Zero to Finals - Infectious Disease / Immunology
"Immunology, Allergy & Infectious Disease",Allergic contact dermatitis,,,,High,Unlikely covered,Zero to Finals - Infectious Disease / Immunology
"Immunology, Allergy & Infectious Disease",Allergy,,,,High,Unlikely covered,Zero to Finals - Infectious Disease / Immunology
"Immunology, Allergy & Infectious Disease","Anal disorders: abscess, fissure, haemorrhoids",,,,Medium,Likely covered,
"Immunology, Allergy & Infectious Disease",Anaphylaxis,,,,High,Likely covered,
"Immunology, Allergy & Infectious Disease",Angiodema,,,,Medium,Unlikely covered,Zero to Finals - Infectious Disease / Immunology
"Immunology, Allergy & Infectious Disease",Bacteraemia and septicaemia,,,,Medium,Unlikely covered,Zero to Finals - Infectious Disease / Immunology
"Immunology, Allergy & Infectious Disease",Blood cultures/microbiology basics,,,,Medium,Partially covered,Zero to Finals - Infectious Disease / Immunology
"Immunology, Allergy & Infectious Disease","CNS infections (meningitis, encephalitis, brain abscess)",,,,High,Likely covered,
"Immunology, Allergy & Infectious Disease",Cellulitis,,,,High,Likely covered,
"Immunology, Allergy & Infectious Disease",Cellulitis and abscess,,,,High,Likely covered,
"Immunology, Allergy & Infectious Disease","Common viral infection (influenza, herpes, EBV, CMV)",,,,Medium,Partially covered,Zero to Finals - Infectious Disease / Immunology
"Immunology, Allergy & Infectious Disease",Fever,,,,High,Likely covered,
"Immunology, Allergy & Infectious Disease",Fever of unknown origin,,,,High,Likely covered,
"Immunology, Allergy & Infectious Disease",HIV,,,,High,Likely covered,
"Immunology, Allergy & Infectious Disease",Human immunodeficiency virus (HIV),,,,High,Likely covered,
"Immunology, Allergy & Infectious Disease",Infectious rashes in paediatrics,,,,Medium,Partially covered,Zero to Finals - Infectious Disease / Immunology
"Immunology, Allergy & Infectious Disease",Inflammatory markers (CRP/ESR),,,,Medium,Partially covered,Zero to Finals - Infectious Disease / Immunology
"Immunology, Allergy & Infectious Disease",M-Pox,,,,Medium,Unlikely covered,Zero to Finals - Infectious Disease / Immunology
"Immunology, Allergy & Infectious Disease",Mastitis and breast abscess,,,,High,Partially covered,Zero to Finals - Infectious Disease / Immunology
"Immunology, Allergy & Infectious Disease",Necrotising Fasciitis,,,,High,Likely covered,
"Immunology, Allergy & Infectious Disease",Orbital cellulitis,,,,Medium,Likely covered,
"Immunology, Allergy & Infectious Disease",Osteomyelitis,,,,Medium,Likely covered,
"Immunology, Allergy & Infectious Disease",Peri-Tonsilar Abscess,,,,Medium,Partially covered,Zero to Finals - Infectious Disease / Immunology
"Immunology, Allergy & Infectious Disease",Return traveller fever,,,,Medium,Likely covered,
"Immunology, Allergy & Infectious Disease",Rheumatic fever,,,,High,Likely covered,
"Immunology, Allergy & Infectious Disease",Scleroderma,,,,High,Likely covered,
"Immunology, Allergy & Infectious Disease",Septic arthritis,,,,High,Likely covered,
"Immunology, Allergy & Infectious Disease",Septic shock,,,,High,Likely covered,
"Immunology, Allergy & Infectious Disease",Sjogren's Syndrome,,,,Low,Likely covered,
"Immunology, Allergy & Infectious Disease",Skin infection or infestation,,,,High,Partially covered,Zero to Finals - Infectious Disease / Immunology
"Immunology, Allergy & Infectious Disease","Space Occupying Lesion; Tumor, Abscess, Cyst",,,,Medium,Unlikely covered,Zero to Finals - Infectious Disease / Immunology
"Immunology, Allergy & Infectious Disease",Urticaria,,,,Medium,Likely covered,
"Immunology, Allergy & Infectious Disease",Vasculitis,,,,Medium,Likely covered,
"Immunology, Allergy & Infectious Disease",Viral Preumonitis,,,,Medium,Likely covered,
"Immunology, Allergy & Infectious Disease","Viral infections Skin infections of infestations:, specifically: Herpes group",,,,Medium,Likely covered,
"Immunology, Allergy & Infectious Disease",Vulvar and vaginal infections and diseases,,,,Medium,Partially covered,Zero to Finals - Infectious Disease / Immunology
"Immunology, Allergy & Infectious Disease",Wound swab / surgical site MC&S — general surgery infection workups,,,,Medium,Partially covered,Zero to Finals - Infectious Disease / Immunology
"Immunology, Allergy & Infectious Disease",sepsis,,,,High,Likely covered,
Endocrine & Metabolic,"Acid-base disturbances (e.g. hyponatraemia, hypercalcaemia, hyperkalaemia)",,,,Medium,Likely covered,
Endocrine & Metabolic,Acromegaly,,,,Low,Likely covered,
Endocrine & Metabolic,Addison's Disease,,,,Low,Likely covered,
Endocrine & Metabolic,Addisonian Crisis,,,,Low,Likely covered,
Endocrine & Metabolic,Cortisol/short synacthen test,,,,Medium,Likely covered,
Endocrine & Metabolic,Cushing's Disease,,,,High,Likely covered,
Endocrine & Metabolic,Cushing's Syndrome,,,,High,Likely covered,
Endocrine & Metabolic,Diabetes insipidus,,,,High,Likely covered,
Endocrine & Metabolic,Diabetic foot,,,,High,Likely covered,
Endocrine & Metabolic,Diabetic ketoacidosis,,,,High,Likely covered,
Endocrine & Metabolic,Diabetic retinopathy,,,,High,Likely covered,
Endocrine & Metabolic,"Electrolyte, acid base disorders & SIADH",,,,Medium,Likely covered,
Endocrine & Metabolic,"Extended electrolytes: Ca, Mg, PO4",,,,Low,Unlikely covered,Zero to Finals - Endocrinology
Endocrine & Metabolic,Glucose/HbA1c + OGTT,,,,Low,Unlikely covered,Zero to Finals - Endocrinology
Endocrine & Metabolic,Goitre,,,,Low,Likely covered,
Endocrine & Metabolic,Graves' Hyperthyroidism,,,,High,Likely covered,
Endocrine & Metabolic,Hyper and hypothyroidism,,,,Medium,Likely covered,
Endocrine & Metabolic,Hypercalcaemia and hypocalcaemia,,,,Medium,Likely covered,
Endocrine & Metabolic,Hyperkalaemia and hypokalaemia,,,,Medium,Likely covered,
Endocrine & Metabolic,Hypernatraemia and hyponatraemia,,,,Low,Likely covered,
Endocrine & Metabolic,Hyperthyroidism Thyroid Storm,,,,High,Likely covered,
Endocrine & Metabolic,Hyperthyroidism Thyroiditis,,,,High,Likely covered,
Endocrine & Metabolic,"Hypoglycaemia (neonatal, paediatric and adult)",,,,High,Likely covered,
Endocrine & Metabolic,Hypoparathyroidism,,,,Low,Likely covered,
Endocrine & Metabolic,Hypopituitarism,,,,Low,Unlikely covered,Zero to Finals - Endocrinology
Endocrine & Metabolic,Hypothyroidism.,,,,High,Likely covered,
Endocrine & Metabolic,Lipid profile (added),,,,Low,Unlikely covered,Zero to Finals - Endocrinology
Endocrine & Metabolic,Obesity,,,,Low,Likely covered,
Endocrine & Metabolic,Pituitary disorders,,,,High,Unlikely covered,Zero to Finals - Endocrinology
Endocrine & Metabolic,Primary hyperaldosteronism,,,,Low,Likely covered,
Endocrine & Metabolic,Principles of fluid and electrolyte management in surgical patients,,,,Low,Unlikely covered,Zero to Finals - Endocrinology
Endocrine & Metabolic,Prolactinoma,,,,Low,Likely covered,
Endocrine & Metabolic,Resp acidosis,,,,Medium,Unlikely covered,Zero to Finals - Endocrinology
Endocrine & Metabolic,SIADH,,,,High,Likely covered,
Endocrine & Metabolic,Thyroid & Other Endocrine disorders in children,,,,Low,Partially covered,Zero to Finals - Endocrinology
Endocrine & Metabolic,"Thyroid disease (Goitre, Graves, thyroiditis)",,,,Low,Likely covered,
Endocrine & Metabolic,Thyroid eye disease,,,,Medium,Likely covered,
Endocrine & Metabolic,Thyroid function tests,,,,Medium,Partially covered,Zero to Finals - Endocrinology
Endocrine & Metabolic,Weight change,,,,High,Unlikely covered,Zero to Finals - Endocrinology
Endocrine & Metabolic,metabolic acidosis,,,,High,Likely covered,
Endocrine & Metabolic,metabolic alkalosis,,,,Medium,Likely covered,
Endocrine & Metabolic,resp alkalosis,,,,Low,Unlikely covered,Zero to Finals - Endocrinology
Sexual Health / STIs,Bacterial vaginosis,,,,Low,Likely covered,
Sexual Health / STIs,Chancroid (Haemophilus ducreyi),,,,Low,Partially covered,BASHH UK national STI guidelines (bashh.org)
Sexual Health / STIs,"Chlamydia – Chlamydia trachomatis – D-K serotypes (urogenital chlamydia), L1-L3 serotypes (lymphogranuloma venereum)",,,,Medium,Likely covered,
Sexual Health / STIs,Genital herpes (Herpes simplex),,,,Low,Likely covered,
Sexual Health / STIs,Gonorrhoea (Neisseria gonorrhoea),,,,Medium,Likely covered,
Sexual Health / STIs,Granuloma inguinale (Klebsiella granulomatosis),,,,Low,Partially covered,BASHH UK national STI guidelines (bashh.org)
Sexual Health / STIs,Herpes Zoster ophthalmicus,,,,Medium,Likely covered,
Sexual Health / STIs,Human papillomavirus and genital warts,,,,Low,Likely covered,
Sexual Health / STIs,Mycoplasma genitalium,,,,Low,Likely covered,
Sexual Health / STIs,Pubic lice (Pediculosis pubis),,,,Low,Partially covered,BASHH UK national STI guidelines (bashh.org)
Sexual Health / STIs,Sexually transmitted diseases (STD),,,,Low,Likely covered,
Sexual Health / STIs,Syphilis (Treponema pallidum),,,,High,Partially covered,BASHH UK national STI guidelines (bashh.org)
Musculoskeletal / Orthopaedics / Rheumatology,? Intra-articular injury,,,,High,Likely covered,
Musculoskeletal / Orthopaedics / Rheumatology,Achilles TENDINOPATHY,,,,Medium,Unlikely covered,Orthobullets (orthobullets.com); Zero to Finals for rheum
Musculoskeletal / Orthopaedics / Rheumatology,Achilles tendon rupture,,,,Medium,Partially covered,Orthobullets (orthobullets.com); Zero to Finals for rheum
Musculoskeletal / Orthopaedics / Rheumatology,Acromio-clavicular ligament iNJURY,,,,High,Likely covered,
Musculoskeletal / Orthopaedics / Rheumatology,Adhesive Capsulitis,,,,Medium,Unlikely covered,Orthobullets (orthobullets.com); Zero to Finals for rheum
Musculoskeletal / Orthopaedics / Rheumatology,Ankle Syndesmosis iNJURY,,,,High,Likely covered,
Musculoskeletal / Orthopaedics / Rheumatology,Ankylosing spondylitis,,,,Medium,Likely covered,
Musculoskeletal / Orthopaedics / Rheumatology,Any rotator cuff injury,,,,High,Likely covered,
Musculoskeletal / Orthopaedics / Rheumatology,Autoimmune markers,,,,Medium,Likely covered,
Musculoskeletal / Orthopaedics / Rheumatology,Back pain,,,,High,Likely covered,
Musculoskeletal / Orthopaedics / Rheumatology,Baker’s cyst,,,,Low,Likely covered,
Musculoskeletal / Orthopaedics / Rheumatology,Bone pain,,,,High,Likely covered,
Musculoskeletal / Orthopaedics / Rheumatology,Carpal tunnel syndrome,,,,High,Unlikely covered,Orthobullets (orthobullets.com); Zero to Finals for rheum
Musculoskeletal / Orthopaedics / Rheumatology,Comminuted injury,,,,High,Likely covered,
Musculoskeletal / Orthopaedics / Rheumatology,Common dislocation - diagnosis and management,,,,Medium,Partially covered,Orthobullets (orthobullets.com); Zero to Finals for rheum
Musculoskeletal / Orthopaedics / Rheumatology,Common fractures - diagnosis and management,,,,Medium,Partially covered,Orthobullets (orthobullets.com); Zero to Finals for rheum
Musculoskeletal / Orthopaedics / Rheumatology,"Common shoulder, elbow, knee, ankle injury – diagnosis and management",,,,High,Likely covered,
Musculoskeletal / Orthopaedics / Rheumatology,Compartment's Syndrome,,,,High,Likely covered,
Musculoskeletal / Orthopaedics / Rheumatology,Cruciate Ligaments of Knee iNJURY (acl + pcl),,,,Medium,Likely covered,
Musculoskeletal / Orthopaedics / Rheumatology,"Discitis,",,,,Low,Unlikely covered,Orthobullets (orthobullets.com); Zero to Finals for rheum
Musculoskeletal / Orthopaedics / Rheumatology,Distal Fibula Fracture,,,,High,Partially covered,Orthobullets (orthobullets.com); Zero to Finals for rheum
Musculoskeletal / Orthopaedics / Rheumatology,Distal radius Fracture,,,,High,Partially covered,Orthobullets (orthobullets.com); Zero to Finals for rheum
Musculoskeletal / Orthopaedics / Rheumatology,Dupuytren’s contracture,,,,Low,Unlikely covered,Orthobullets (orthobullets.com); Zero to Finals for rheum
Musculoskeletal / Orthopaedics / Rheumatology,Epicondylitis,,,,Medium,Unlikely covered,Orthobullets (orthobullets.com); Zero to Finals for rheum
Musculoskeletal / Orthopaedics / Rheumatology,Flexor sheath tenosynovitis,,,,Medium,Partially covered,Orthobullets (orthobullets.com); Zero to Finals for rheum
Musculoskeletal / Orthopaedics / Rheumatology,Fracture lines in FRACTUREs,,,,High,Likely covered,
Musculoskeletal / Orthopaedics / Rheumatology,Gleno-humeral (shoulder) DISLOCATIONS,,,,Medium,Partially covered,Orthobullets (orthobullets.com); Zero to Finals for rheum
Musculoskeletal / Orthopaedics / Rheumatology,Gout,,,,High,Likely covered,
Musculoskeletal / Orthopaedics / Rheumatology,Gout and pseudogout,,,,High,Likely covered,
Musculoskeletal / Orthopaedics / Rheumatology,Hip post joint replacement DISLOCATIONS,,,,Medium,Partially covered,Orthobullets (orthobullets.com); Zero to Finals for rheum
Musculoskeletal / Orthopaedics / Rheumatology,Infective Myositis,,,,Medium,Likely covered,
Musculoskeletal / Orthopaedics / Rheumatology,"Injury to the meniscus, cruciate or collateral ligaments",,,,Medium,Likely covered,
Musculoskeletal / Orthopaedics / Rheumatology,Interphalangeal joints DISLOCATIONS,,,,Medium,Unlikely covered,Orthobullets (orthobullets.com); Zero to Finals for rheum
Musculoskeletal / Orthopaedics / Rheumatology,Joint aspirate analysis,,,,Medium,Partially covered,Orthobullets (orthobullets.com); Zero to Finals for rheum
Musculoskeletal / Orthopaedics / Rheumatology,Joint pain (generalised and local),,,,High,Partially covered,Orthobullets (orthobullets.com); Zero to Finals for rheum
Musculoskeletal / Orthopaedics / Rheumatology,"Joint swelling or red, hot, painful joints",,,,Medium,Unlikely covered,Orthobullets (orthobullets.com); Zero to Finals for rheum
Musculoskeletal / Orthopaedics / Rheumatology,Juvenile idiopathic arthritis,,,,High,Likely covered,
Musculoskeletal / Orthopaedics / Rheumatology,Knee meniscus INJURY,,,,High,Likely covered,
Musculoskeletal / Orthopaedics / Rheumatology,Labrum at hip INJURY,,,,High,Likely covered,
Musculoskeletal / Orthopaedics / Rheumatology,Labrum at shoulder INJURY,,,,High,Likely covered,
Musculoskeletal / Orthopaedics / Rheumatology,Lateral epicondylitis (Tennis elbow),,,,Medium,Partially covered,Orthobullets (orthobullets.com); Zero to Finals for rheum
Musculoskeletal / Orthopaedics / Rheumatology,Limb Pain (Paraesthesia),,,,High,Partially covered,Orthobullets (orthobullets.com); Zero to Finals for rheum
Musculoskeletal / Orthopaedics / Rheumatology,Medial Collateral Ligament of Knee iNJURY,,,,High,Likely covered,
Musculoskeletal / Orthopaedics / Rheumatology,Medial epicondylitis (Golfer’s elbow),,,,Low,Partially covered,Orthobullets (orthobullets.com); Zero to Finals for rheum
Musculoskeletal / Orthopaedics / Rheumatology,Metacarpal Fracture,,,,High,Likely covered,
Musculoskeletal / Orthopaedics / Rheumatology,Muscle or nerve injury,,,,High,Likely covered,
Musculoskeletal / Orthopaedics / Rheumatology,Myalgia,,,,Medium,Likely covered,
Musculoskeletal / Orthopaedics / Rheumatology,Neck of Femur Fracture,,,,High,Likely covered,
Musculoskeletal / Orthopaedics / Rheumatology,Neck pain,,,,High,Likely covered,
Musculoskeletal / Orthopaedics / Rheumatology,Open vs Closed msk injury,,,,Medium,Likely covered,
Musculoskeletal / Orthopaedics / Rheumatology,Osteoarthritis,,,,High,Likely covered,
Musculoskeletal / Orthopaedics / Rheumatology,Osteoporosis,,,,High,Likely covered,
Musculoskeletal / Orthopaedics / Rheumatology,Other clinical signs of the hands,,,,Medium,Unlikely covered,Orthobullets (orthobullets.com); Zero to Finals for rheum
Musculoskeletal / Orthopaedics / Rheumatology,Patellar TENDINOPATHY,,,,Medium,Unlikely covered,Orthobullets (orthobullets.com); Zero to Finals for rheum
Musculoskeletal / Orthopaedics / Rheumatology,Polymyalgia rheumatica,,,,Medium,Likely covered,
Musculoskeletal / Orthopaedics / Rheumatology,Previous lower limb surgery or hip replacement,,,,Medium,Partially covered,Orthobullets (orthobullets.com); Zero to Finals for rheum
Musculoskeletal / Orthopaedics / Rheumatology,Primary Osteosarcoma,,,,Medium,Likely covered,
Musculoskeletal / Orthopaedics / Rheumatology,Pseudogout,,,,High,Likely covered,
Musculoskeletal / Orthopaedics / Rheumatology,Psoriatic arthritis,,,,High,Likely covered,
Musculoskeletal / Orthopaedics / Rheumatology,Reactive arthritis,,,,High,Likely covered,
Musculoskeletal / Orthopaedics / Rheumatology,Rhabdomyolysis,,,,Medium,Unlikely covered,Orthobullets (orthobullets.com); Zero to Finals for rheum
Musculoskeletal / Orthopaedics / Rheumatology,Rheumatoid arthritis,,,,High,Likely covered,
Musculoskeletal / Orthopaedics / Rheumatology,Rotator Cuff TENDINOPATHY,,,,Medium,Unlikely covered,Orthobullets (orthobullets.com); Zero to Finals for rheum
Musculoskeletal / Orthopaedics / Rheumatology,Rotator cuff TEARS,,,,Medium,Partially covered,Orthobullets (orthobullets.com); Zero to Finals for rheum
Musculoskeletal / Orthopaedics / Rheumatology,Ruptured Biceps Brachii Head,,,,Medium,Likely covered,
Musculoskeletal / Orthopaedics / Rheumatology,Scaphoid Fracture,,,,High,Likely covered,
Musculoskeletal / Orthopaedics / Rheumatology,Scoliosis,,,,Medium,Unlikely covered,Orthobullets (orthobullets.com); Zero to Finals for rheum
Musculoskeletal / Orthopaedics / Rheumatology,Shoulder dysfunction including rotator cuff injury,,,,Medium,Likely covered,
Musculoskeletal / Orthopaedics / Rheumatology,Shoulder dystocia,,,,Medium,Likely covered,
Musculoskeletal / Orthopaedics / Rheumatology,Spinal fractures,,,,Medium,Likely covered,
Musculoskeletal / Orthopaedics / Rheumatology,Sport injury,,,,High,Likely covered,
Musculoskeletal / Orthopaedics / Rheumatology,Sprains and strains,,,,Medium,Unlikely covered,Orthobullets (orthobullets.com); Zero to Finals for rheum
Musculoskeletal / Orthopaedics / Rheumatology,Subacromial impingement syndrome,,,,Medium,Unlikely covered,Orthobullets (orthobullets.com); Zero to Finals for rheum
Musculoskeletal / Orthopaedics / Rheumatology,Suprachondylar Fracture of humerus Fracture,,,,High,Partially covered,Orthobullets (orthobullets.com); Zero to Finals for rheum
Musculoskeletal / Orthopaedics / Rheumatology,Surgical Neck of humerus Fracture,,,,High,Partially covered,Orthobullets (orthobullets.com); Zero to Finals for rheum
Musculoskeletal / Orthopaedics / Rheumatology,Surgical scars e.g. total knee replacement,,,,Low,Likely covered,
Musculoskeletal / Orthopaedics / Rheumatology,Talo-Fibular Ligaments (ankle) iNJURY,,,,High,Likely covered,
Musculoskeletal / Orthopaedics / Rheumatology,Temporal Arteritis,,,,Medium,Likely covered,
Musculoskeletal / Orthopaedics / Rheumatology,"Upper limb X-ray, Lower limb X-ray",,,,Low,Likely covered,
Musculoskeletal / Orthopaedics / Rheumatology,Upper or lower limb fracture,,,,High,Likely covered,
Musculoskeletal / Orthopaedics / Rheumatology,Vertebral Column Crush Fracture,,,,High,Partially covered,Orthobullets (orthobullets.com); Zero to Finals for rheum
Musculoskeletal / Orthopaedics / Rheumatology,deforimites (displacement vs angulation vs rotation),,,,Low,Unlikely covered,Orthobullets (orthobullets.com); Zero to Finals for rheum
Musculoskeletal / Orthopaedics / Rheumatology,lateral Collateral Ligament of Knee iNJURY,,,,High,Likely covered,
Musculoskeletal / Orthopaedics / Rheumatology,spina bifida,,,,Medium,Likely covered,
Musculoskeletal / Orthopaedics / Rheumatology,supraspinatus tendinitis,,,,Medium,Unlikely covered,Orthobullets (orthobullets.com); Zero to Finals for rheum
Respiratory,ABG/VBG,,,,Medium,Unlikely covered,Zero to Finals - Respiratory
Respiratory,Acute bronchitis,,,,Medium,Unlikely covered,Zero to Finals - Respiratory
Respiratory,Acute respiratory distress syndrome,,,,High,Likely covered,
Respiratory,"Acute respiratory infections: LRTI, Bronchiolitis, Croup, Pertussis",,,,High,Likely covered,
Respiratory,Asthma,,,,High,Likely covered,
Respiratory,Asthma & COPD,,,,High,Likely covered,
Respiratory,Asthma in childhood,,,,High,Likely covered,
Respiratory,Autoimmune lung disease- sarcoidosis,,,,Medium,Likely covered,
Respiratory,Bacterial Pneumonia,,,,High,Likely covered,
Respiratory,Bronchiectasis,,,,Medium,Likely covered,
Respiratory,Bronchiolitis,,,,High,Likely covered,
Respiratory,COPD,,,,High,Likely covered,
Respiratory,Chest X-ray (systematic approach — highest yield film by far),,,,Medium,Unlikely covered,Zero to Finals - Respiratory
Respiratory,Child with wheeze and persistent cough,,,,High,Likely covered,
Respiratory,"Children’s health including crying baby, feeding problems, atopic, asthma, hearing problems, common viral infections, teething, enuresis, developmental delay",,,,High,Likely covered,
Respiratory,Cough,,,,High,Likely covered,
Respiratory,Croup,,,,High,Likely covered,
Respiratory,Cystic Fibrosis,,,,High,Likely covered,
Respiratory,Diphtheria,,,,Medium,Likely covered,
Respiratory,Haemoptysis,,,,Medium,Unlikely covered,Zero to Finals - Respiratory
Respiratory,Interstitial lung disease,,,,Medium,Likely covered,
Respiratory,Lung Cancer,,,,High,Likely covered,
Respiratory,Lung cancers,,,,Medium,Likely covered,
Respiratory,Mesothelioma,,,,Medium,Likely covered,
Respiratory,Pertussis,,,,Medium,Unlikely covered,Zero to Finals - Respiratory
Respiratory,Pleural effusion,,,,High,Likely covered,
Respiratory,Pleural fluid analysis (pleural tap) — respiratory/general medicine,,,,Medium,Likely covered,
Respiratory,Pneumoconiosis,,,,Medium,Unlikely covered,Zero to Finals - Respiratory
Respiratory,"Pneumonia (including atypical, community acquire, hospital acquire, aspiration)",,,,Medium,Partially covered,Zero to Finals - Respiratory
Respiratory,Pneumothorax,,,,Medium,Likely covered,
Respiratory,Pulmonary Embolism,,,,High,Likely covered,
Respiratory,Pulmonary embolus,,,,High,Likely covered,
Respiratory,"Pulmonary fibrosis,",,,,High,Likely covered,
Respiratory,Respiratory failure (Type 1 and 2),,,,Medium,Likely covered,
Respiratory,"Shortness of breath, dyspnoea",,,,Medium,Unlikely covered,Zero to Finals - Respiratory
Respiratory,Sleep apnoea,,,,Medium,Likely covered,
Respiratory,Spirometry + Peak flow (added — respiratory/GP),,,,Medium,Likely covered,
Respiratory,Stridor,,,,Medium,Likely covered,
Respiratory,Tuberculosis,,,,Medium,Likely covered,
Respiratory,Upper Respiratory Tract Infection,,,,High,Likely covered,
Respiratory,Viral induced wheeze,,,,Medium,Likely covered,
Respiratory,Wheeze,,,,High,Likely covered,
Respiratory,Whooping cough,,,,Medium,Likely covered,
Respiratory,empyema,,,,Medium,Unlikely covered,Zero to Finals - Respiratory
Respiratory,haemothorax,,,,Medium,Unlikely covered,Zero to Finals - Respiratory
Gynaecology & Breast,Abnormal Pap smear,,,,Low,Partially covered,Zero to Finals - Gynaecology
Gynaecology & Breast,Abnormal vaginal bleeding,,,,Medium,Likely covered,
Gynaecology & Breast,Amenorrhoea,,,,Low,Likely covered,
Gynaecology & Breast,Breast cancer,,,,High,Likely covered,
Gynaecology & Breast,"Breast feeding, artificial feeding & nutrition",,,,Medium,Partially covered,Zero to Finals - Gynaecology
Gynaecology & Breast,Cervical MALIGNANCY,,,,Medium,Likely covered,
Gynaecology & Breast,Contraception incl Sterilization,,,,High,Likely covered,
Gynaecology & Breast,Duct ectasia,,,,Low,Likely covered,
Gynaecology & Breast,Dyspareunia,,,,Low,Unlikely covered,Zero to Finals - Gynaecology
Gynaecology & Breast,Endometrial MALIGNANCY,,,,Medium,Likely covered,
Gynaecology & Breast,Endometriosis,,,,High,Likely covered,
Gynaecology & Breast,Fat necrosis of the breast,,,,Medium,Likely covered,
Gynaecology & Breast,Fibroadenoma,,,,High,Likely covered,
Gynaecology & Breast,Fibrocystic disease,,,,Low,Likely covered,
Gynaecology & Breast,Human Papilloma Virus – screening & effects(eg: Cervical/Vaginal Dysplasia & Cancer,,,,Medium,Likely covered,
Gynaecology & Breast,Infertility,,,,High,Unlikely covered,Zero to Finals - Gynaecology
Gynaecology & Breast,Intermenstrual bleeding,,,,Medium,Likely covered,
Gynaecology & Breast,Intraductal papilloma,,,,Low,Likely covered,
Gynaecology & Breast,Intrauterine growth restriction (IUGR),,,,Low,Likely covered,
Gynaecology & Breast,"Lump – Breast, neck and other sites",,,,Medium,Likely covered,
Gynaecology & Breast,Menopause,,,,High,Likely covered,
Gynaecology & Breast,Menorrhagia,,,,Low,Likely covered,
Gynaecology & Breast,Menstruation,,,,Low,Unlikely covered,Zero to Finals - Gynaecology
Gynaecology & Breast,Ovarian MALIGNANCY,,,,Medium,Likely covered,
Gynaecology & Breast,Ovarian Torsion,,,,High,Likely covered,
Gynaecology & Breast,Ovarian cancer and Adnexal diseases,,,,Medium,Likely covered,
Gynaecology & Breast,Pap smear/HPV testing (fits obgyn/GP well here too),,,,Low,Unlikely covered,Zero to Finals - Gynaecology
Gynaecology & Breast,Pelvic Inflammatory Disease,,,,High,Likely covered,
Gynaecology & Breast,Pelvic pain,,,,High,Likely covered,
Gynaecology & Breast,Phyllodes tumour,,,,Medium,Likely covered,
Gynaecology & Breast,Polycystic ovarian syndrome (PCOS),,,,Medium,Likely covered,
Gynaecology & Breast,Polycystic ovary syndrome,,,,Medium,Likely covered,
Gynaecology & Breast,Post-coital bleeding,,,,Medium,Likely covered,
Gynaecology & Breast,Premenstrual dysphoric disorder,,,,Low,Likely covered,
Gynaecology & Breast,Ruptured Ovarian Cyst,,,,Medium,Partially covered,Zero to Finals - Gynaecology
Gynaecology & Breast,STI & Pelvic inflammatory disorders,,,,High,Partially covered,Zero to Finals - Gynaecology
Gynaecology & Breast,The menstrual cycle and its disorders: Puberty Dysmenorrhoea Abnormal uterine bleeding Menopause,,,,High,Likely covered,
Gynaecology & Breast,Trichomoniasis (Trichomonas vaginalis),,,,Low,Likely covered,
Gynaecology & Breast,Uterine MALIGNANCY,,,,Low,Likely covered,
Gynaecology & Breast,Vaginal discharge,,,,High,Likely covered,
Anaesthetics / Perioperative Care,Group & hold / crossmatch,,,,Low,Partially covered,Oxford Handbook of Clinical Surgery / Anaesthesia chapter
Anaesthetics / Perioperative Care,Postoperative care and complications,,,,Medium,Partially covered,Oxford Handbook of Clinical Surgery / Anaesthesia chapter
Anaesthetics / Perioperative Care,Pre operation assessment,,,,Medium,Partially covered,Oxford Handbook of Clinical Surgery / Anaesthesia chapter
Australian Context of Health / Aboriginal & TSI Health (NEW),Aboriginal and Torres Strait Islander health issues,,,,Low,Unlikely covered,Australian Indigenous HealthInfoNet (healthinfonet.ecu.edu.au); RACGP rural health curriculum
Australian Context of Health / Aboriginal & TSI Health (NEW),Australian healthcare system,,,,Low,Partially covered,Australian Indigenous HealthInfoNet (healthinfonet.ecu.edu.au); RACGP rural health curriculum
Australian Context of Health / Aboriginal & TSI Health (NEW),Detention / Prison / Immigration issues,,,,Low,Unlikely covered,Australian Indigenous HealthInfoNet (healthinfonet.ecu.edu.au); RACGP rural health curriculum
Australian Context of Health / Aboriginal & TSI Health (NEW),Rural general practice issues,,,,Medium,Unlikely covered,Australian Indigenous HealthInfoNet (healthinfonet.ecu.edu.au); RACGP rural health curriculum
Psychiatry & Mental Health,Acute psychosis,,,,High,Likely covered,
Psychiatry & Mental Health,"Alcohol and alcohol related diseases, substance abuse",,,,Medium,Likely covered,
Psychiatry & Mental Health,Anorexia nervosa,,,,Medium,Likely covered,
Psychiatry & Mental Health,Anxiety and panic,,,,High,Likely covered,
Psychiatry & Mental Health,Anxiety disorders,,,,High,Likely covered,
Psychiatry & Mental Health,Attention Deficit Hyperactivity Disorder (ADHD),,,,Medium,Unlikely covered,"Oxford Handbook of Psychiatry, or Zero to Finals - Psychiatry"
Psychiatry & Mental Health,Avoidant Personality disorders,,,,Medium,Likely covered,
Psychiatry & Mental Health,Binge-eating disorder,,,,High,Likely covered,
Psychiatry & Mental Health,Bipolar affective disorder,,,,High,Likely covered,
Psychiatry & Mental Health,Bipolar disorder,,,,High,Likely covered,
Psychiatry & Mental Health,Borderline Personality disorders,,,,Medium,Likely covered,
Psychiatry & Mental Health,Bulimia nervosa,,,,Medium,Likely covered,
Psychiatry & Mental Health,"Common substances include alcohol, opioids, cannabis, stimulants, sedatives, solvents, caffeine, hallucinogen",,,,Medium,Partially covered,"Oxford Handbook of Psychiatry, or Zero to Finals - Psychiatry"
Psychiatry & Mental Health,Cyclothymia,,,,Medium,Unlikely covered,"Oxford Handbook of Psychiatry, or Zero to Finals - Psychiatry"
Psychiatry & Mental Health,Dependent Personality disorders,,,,Medium,Likely covered,
Psychiatry & Mental Health,Depression,,,,High,Likely covered,
Psychiatry & Mental Health,Eating disorders,,,,High,Likely covered,
Psychiatry & Mental Health,Factitious disorder,,,,Medium,Unlikely covered,"Oxford Handbook of Psychiatry, or Zero to Finals - Psychiatry"
Psychiatry & Mental Health,Gambling-related harms,,,,Medium,Partially covered,"Oxford Handbook of Psychiatry, or Zero to Finals - Psychiatry"
Psychiatry & Mental Health,Generalised anxiety disorder (GAD),,,,High,Likely covered,
Psychiatry & Mental Health,Histrionic Personality disorders,,,,Medium,Likely covered,
Psychiatry & Mental Health,Illness anxiety disorder,,,,High,Likely covered,
Psychiatry & Mental Health,Medically unexplained symptoms,,,,Medium,Likely covered,
Psychiatry & Mental Health,Mental Health Act esp clinical application,,,,Medium,Likely covered,
Psychiatry & Mental Health,Mood disorders,,,,Medium,Likely covered,
Psychiatry & Mental Health,Narcissistic Personality disorders,,,,Medium,Likely covered,
Psychiatry & Mental Health,Obsessive compulsive disorder (OCD),,,,Medium,Likely covered,
Psychiatry & Mental Health,Obsessive-compulsive Personality disorders,,,,Medium,Likely covered,
Psychiatry & Mental Health,Paranoid Personality disorders,,,,Medium,Likely covered,
Psychiatry & Mental Health,Perinatal depression,,,,High,Likely covered,
Psychiatry & Mental Health,Personality disorder,,,,High,Likely covered,
Psychiatry & Mental Health,Post-partum psychosis,,,,High,Partially covered,"Oxford Handbook of Psychiatry, or Zero to Finals - Psychiatry"
Psychiatry & Mental Health,Post-traumatic stress disorder (PTSD),,,,High,Likely covered,
Psychiatry & Mental Health,Psychiatric history and mental state examination,,,,High,Unlikely covered,"Oxford Handbook of Psychiatry, or Zero to Finals - Psychiatry"
Psychiatry & Mental Health,"Psychological impact of trauma, PTSD",,,,Medium,Likely covered,
Psychiatry & Mental Health,Psychological therapies,,,,Medium,Unlikely covered,"Oxford Handbook of Psychiatry, or Zero to Finals - Psychiatry"
Psychiatry & Mental Health,Psychology & Psychiatric Disorders of Pregnancy & Postpartum (Domestic Violence see GP sec),,,,High,Partially covered,"Oxford Handbook of Psychiatry, or Zero to Finals - Psychiatry"
Psychiatry & Mental Health,Psychotic disorder,,,,High,Likely covered,
Psychiatry & Mental Health,Psychotic episode,,,,Medium,Likely covered,
Psychiatry & Mental Health,Psychotropic Medications,,,,Medium,Unlikely covered,"Oxford Handbook of Psychiatry, or Zero to Finals - Psychiatry"
Psychiatry & Mental Health,Schizoaffective disorder,,,,Medium,Unlikely covered,"Oxford Handbook of Psychiatry, or Zero to Finals - Psychiatry"
Psychiatry & Mental Health,Schizoid Personality disorders,,,,Medium,Likely covered,
Psychiatry & Mental Health,Schizophrenia,,,,High,Likely covered,
Psychiatry & Mental Health,Schizotypal Personality disorders,,,,Medium,Likely covered,
Psychiatry & Mental Health,Seasonal affective disorder,,,,Medium,Unlikely covered,"Oxford Handbook of Psychiatry, or Zero to Finals - Psychiatry"
Psychiatry & Mental Health,Somatic symptom disorder,,,,Medium,Unlikely covered,"Oxford Handbook of Psychiatry, or Zero to Finals - Psychiatry"
Psychiatry & Mental Health,Specific phobias,,,,Medium,Unlikely covered,"Oxford Handbook of Psychiatry, or Zero to Finals - Psychiatry"
Psychiatry & Mental Health,Substance intoxication,,,,Medium,Likely covered,
Psychiatry & Mental Health,Substance misuse and withdrawal syndromes,,,,High,Likely covered,
Psychiatry & Mental Health,Substance misuse disorder,,,,High,Likely covered,
Psychiatry & Mental Health,Substance withdrawal,,,,High,Likely covered,
Psychiatry & Mental Health,Suicide (including drug overdose),,,,High,Likely covered,
Psychiatry & Mental Health,Suicide and self-harm / Risk Assessment,,,,High,Partially covered,"Oxford Handbook of Psychiatry, or Zero to Finals - Psychiatry"
Renal & Urology,Acute Tubular Necrosis,,,,Low,Likely covered,
Renal & Urology,Acute kidney injury,,,,High,Likely covered,
Renal & Urology,Autism Spectrum Disorder (ASD),,,,Medium,Likely covered,
Renal & Urology,Benign prostatic hypertrophy (BPH),,,,Low,Likely covered,
Renal & Urology,Bladder MALIGNANCY,,,,Medium,Likely covered,
Renal & Urology,Bladder cancer,,,,High,Likely covered,
Renal & Urology,"Blood glucose (BSL), Urine dipstick + pregnancy test",,,,Medium,Partially covered,Zero to Finals - Renal / Urology
Renal & Urology,CT KUB,,,,Low,Unlikely covered,Zero to Finals - Renal / Urology
Renal & Urology,Chronic kidney disease,,,,High,Likely covered,
Renal & Urology,Common behavioural disturbances including ADHD & Autism,,,,Medium,Unlikely covered,Zero to Finals - Renal / Urology
Renal & Urology,Congenital adrenal hyperplasia,,,,Medium,Likely covered,
Renal & Urology,Cystitis,,,,High,Likely covered,
Renal & Urology,Developmental milestones,,,,High,Likely covered,
Renal & Urology,Disorders of micturition,,,,Low,Unlikely covered,Zero to Finals - Renal / Urology
Renal & Urology,Dysuria,,,,Low,Likely covered,
Renal & Urology,Epididymo-orchitis (males),,,,Low,Likely covered,
Renal & Urology,Erectile dysfunction,,,,High,Likely covered,
Renal & Urology,Faecal incontinence,,,,Medium,Likely covered,
Renal & Urology,Glomerulonephritis,,,,High,Likely covered,
Renal & Urology,Groin swelling or pain,,,,Medium,Partially covered,Zero to Finals - Renal / Urology
Renal & Urology,Haematuria,,,,Low,Likely covered,
Renal & Urology,Hirsutism,,,,Low,Unlikely covered,Zero to Finals - Renal / Urology
Renal & Urology,INCONTINENCE Urge Incontinence,,,,Medium,Likely covered,
Renal & Urology,Incontinence,,,,High,Likely covered,
Renal & Urology,Kidney MALIGNANCY,,,,High,Likely covered,
Renal & Urology,"Men’s health including impotence, prostate diseases",,,,Low,Partially covered,Zero to Finals - Renal / Urology
Renal & Urology,Nephritic syndrome,,,,Low,Unlikely covered,Zero to Finals - Renal / Urology
Renal & Urology,Nephrotic Syndrome,,,,High,Likely covered,
Renal & Urology,Polycystic kidney disease,,,,High,Likely covered,
Renal & Urology,Prostate (in males MALIGNANCY,,,,Low,Partially covered,Zero to Finals - Renal / Urology
Renal & Urology,Prostate cancer,,,,High,Likely covered,
Renal & Urology,Prostatitis (males),,,,High,Likely covered,
Renal & Urology,Pyelonephritis,,,,High,Likely covered,
Renal & Urology,Renal Calculus,,,,High,Likely covered,
Renal & Urology,"Renal Disease in childhood: GN, VUR",,,,Medium,Partially covered,Zero to Finals - Renal / Urology
Renal & Urology,Renal and bladder ultrasound,,,,Medium,Likely covered,
Renal & Urology,Renal cell carcinoma,,,,High,Likely covered,
Renal & Urology,Renal colic,,,,High,Likely covered,
Renal & Urology,Renal stones,,,,High,Likely covered,
Renal & Urology,Renal transplantation,,,,High,Likely covered,
Renal & Urology,Scrotal swelling or pain,,,,High,Partially covered,Zero to Finals - Renal / Urology
Renal & Urology,Stress Incontinence,,,,High,Likely covered,
Renal & Urology,Testicular Torsion,,,,High,Likely covered,
Renal & Urology,Testicular cancer,,,,High,Likely covered,
Renal & Urology,Torsion of testis,,,,High,Likely covered,
Renal & Urology,Trauma e.g. urethral injury,,,,High,Likely covered,
Renal & Urology,UTI,,,,High,Likely covered,
Renal & Urology,Urinary Symptom - Incontinence,,,,Medium,Likely covered,
Renal & Urology,Urinary Symptom – Dysuria and frequency,,,,Medium,Likely covered,
Renal & Urology,Urinary Symptom- Voiding difficulties,,,,Medium,Partially covered,Zero to Finals - Renal / Urology
Renal & Urology,Urinary Symptom– Nocturia,,,,Medium,Likely covered,
Renal & Urology,Urinary Symptom– Oliguria and anuria,,,,Medium,Likely covered,
Renal & Urology,Urinary Symptom– Polyuria,,,,Medium,Partially covered,Zero to Finals - Renal / Urology
Renal & Urology,Urinary Symptom– Proteinuria,,,,Medium,Likely covered,
Renal & Urology,Urinary retention,,,,Medium,Likely covered,
Renal & Urology,Urinary tract infection,,,,High,Likely covered,
Renal & Urology,Urinary tract infection and pyelonephritis,,,,High,Likely covered,
Renal & Urology,Urinary tract stone,,,,Medium,Likely covered,
Renal & Urology,Urine MC&S,,,,High,Unlikely covered,Zero to Finals - Renal / Urology
Renal & Urology,Urine protein/creatinine ratio (pre-eclampsia),,,,High,Partially covered,Zero to Finals - Renal / Urology
Renal & Urology,Urine/blood tox screen,,,,Medium,Partially covered,Zero to Finals - Renal / Urology
Paediatrics,(paediatrics) Fracture,,,,High,Likely covered,
Paediatrics,Adolescent health care incl - HEADSS,,,,Medium,Partially covered,Zero to Finals - Paediatrics
Paediatrics,Approach to Paediatric Examination,,,,Medium,Partially covered,Zero to Finals - Paediatrics
Paediatrics,Behavioural problem (adult and child),,,,Medium,Partially covered,Zero to Finals - Paediatrics
Paediatrics,Cerebral palsy,,,,Medium,Likely covered,
Paediatrics,Chickenpox,,,,Medium,Likely covered,
Paediatrics,Child abuse and protection,,,,High,Partially covered,Zero to Finals - Paediatrics
Paediatrics,Common Childhood injuries,,,,Medium,Likely covered,
Paediatrics,Developmental delay in child,,,,High,Likely covered,
Paediatrics,Developmental screening and assessment,,,,High,Partially covered,Zero to Finals - Paediatrics
Paediatrics,Enuresis and Encopresis,,,,Medium,Unlikely covered,Zero to Finals - Paediatrics
Paediatrics,Exanthems of childhood,,,,Medium,Likely covered,
Paediatrics,Febrile convulsion,,,,High,Unlikely covered,Zero to Finals - Paediatrics
Paediatrics,Growth Failure,,,,High,Likely covered,
Paediatrics,Growth and abnormal growth incl: Short/Tall Stature,,,,Low,Likely covered,
Paediatrics,Growth charts / percentile interpretation,,,,Medium,Likely covered,
Paediatrics,"Hand, Foot and Mouth disease",,,,Medium,Likely covered,
Paediatrics,Henoch-Schölnein Purpura,,,,Medium,Likely covered,
Paediatrics,Irritable infant,,,,Medium,Likely covered,
Paediatrics,"Neonate: Resp Distress, Jaundice, Hypoglycaemia & Infection",,,,High,Likely covered,
Paediatrics,"Paediatric Infections: bone & joint, meningitis, fever of unknown origin (UTI, LRTI see below)",,,,High,Likely covered,
Paediatrics,"Paediatric Orthopaedics: Irritable Hip, Perthe’s, SCFE, Postural Changes (Bow Legs, Knock Knees, Flat Feet, Scoliosis)",,,,Medium,Likely covered,
Paediatrics,"Paediatric hip disorders e.g. developmental dysplasia of the hip, Perthes disease, slipped capital femoral epiphysis",,,,High,Likely covered,
Paediatrics,Proximal Radio-ulnar (paediatric) DISLOCATIONS,,,,Medium,Unlikely covered,Zero to Finals - Paediatrics
Paediatrics,"Quick revisit of bloods/imaging as they present differently in kids (e.g. paeds CXR, paeds fever workup using bloods/cultures you already know)",,,,Medium,Likely covered,
Paediatrics,Rash in infancy and childhood,,,,Medium,Likely covered,
Paediatrics,Sick’ Child: Recognition & Management,,,,Medium,Partially covered,Zero to Finals - Paediatrics
Paediatrics,Sudden Infant Death Syndrome,,,,Medium,Likely covered,
Paediatrics,The atopic child,,,,High,Unlikely covered,Zero to Finals - Paediatrics
Paediatrics,septal defects,,,,Medium,Likely covered,
Paediatrics,tetralogy of Fallot,,,,Medium,Likely covered,
Haematology,Acute and chronic leukaemia,,,,Low,Likely covered,
Haematology,Anaemia,,,,High,Likely covered,
Haematology,Anaemia in childhood,,,,High,Likely covered,
Haematology,Bleeding disorders,,,,High,Likely covered,
Haematology,Blood and blood products transfusion,,,,Medium,Likely covered,
Haematology,Cancer screen and tumour marker,,,,Medium,Likely covered,
Haematology,Cancer/tumour markers,,,,Medium,Likely covered,
Haematology,Coags + D-dimer (added),,,,Low,Unlikely covered,Zero to Finals - Haematology
Haematology,Consent for blood transfusion,,,,High,Likely covered,
Haematology,Fatigue,,,,Low,Likely covered,
Haematology,Haemochromatosis,,,,Low,Likely covered,
Haematology,"Iron markers, B12/Folate (added)",,,,Medium,Unlikely covered,Zero to Finals - Haematology
Haematology,Lymphadenopathy (generalised and local),,,,Medium,Partially covered,Zero to Finals - Haematology
Haematology,Malignancy with metastases to bone,,,,Medium,Likely covered,
Haematology,Metastases from other organs,,,,Medium,Partially covered,Zero to Finals - Haematology
Haematology,Pallor,,,,Low,Likely covered,
Haematology,Platelets disorders (ITP),,,,Low,Likely covered,
Haematology,Postpartum infection and Thromboembolism,,,,High,Partially covered,Zero to Finals - Haematology
Haematology,Thalassemia (alpha and beta),,,,Medium,Unlikely covered,Zero to Finals - Haematology
Haematology,"Thrombophilia, venous thrombo embolism (VTE)",,,,Medium,Likely covered,
Haematology,White blood cell disorders (febrile neutropenia),,,,Medium,Partially covered,Zero to Finals - Haematology
"Public Health, Epidemiology, Statistics, Research (NEW)","Absolute vs relative risk reduction, NNT",,,,High,N/A - new category,Students 4 Best Evidence (s4be.org) - free condensed EBM/stats primer
"Public Health, Epidemiology, Statistics, Research (NEW)",Notifiable diseases & public health reporting,,,,High,N/A - new category,Students 4 Best Evidence (s4be.org) - free condensed EBM/stats primer
"Public Health, Epidemiology, Statistics, Research (NEW)",Screening programme principles,,,,Medium,N/A - new category,Students 4 Best Evidence (s4be.org) - free condensed EBM/stats primer
"Public Health, Epidemiology, Statistics, Research (NEW)","Sensitivity, specificity, PPV/NPV interpretation",,,,High,N/A - new category,Students 4 Best Evidence (s4be.org) - free condensed EBM/stats primer
"Public Health, Epidemiology, Statistics, Research (NEW)","Study design types (cohort, case-control, RCT, case series) & sources of bias",,,,Medium,N/A - new category,Students 4 Best Evidence (s4be.org) - free condensed EBM/stats primer
"Public Health, Epidemiology, Statistics, Research (NEW)",p-values & statistical significance interpretation,,,,Medium,N/A - new category,Students 4 Best Evidence (s4be.org) - free condensed EBM/stats primer
Dermatology,Acne vulgaris,,,,Low,Likely covered,
Dermatology,Atopic dermatitis,,,,Medium,Unlikely covered,DermNet NZ (dermnetnz.org)
Dermatology,Basal cell carcinoma (BCC),,,,High,Likely covered,
Dermatology,Bullous pemphigoid,,,,Low,Likely covered,
Dermatology,Eczema herpeticum*,,,,Medium,Likely covered,
Dermatology,"Eczema, dermatitis",,,,Medium,Likely covered,
Dermatology,Erythema multiforme,,,,Low,Likely covered,
Dermatology,Erythema nodosum,,,,Low,Likely covered,
Dermatology,Erythroderma*,,,,Low,Unlikely covered,DermNet NZ (dermnetnz.org)
Dermatology,Head lice,,,,Low,Likely covered,
Dermatology,Impetigo,,,,Low,Likely covered,
Dermatology,Itch (generalised and local),,,,Medium,Partially covered,DermNet NZ (dermnetnz.org)
Dermatology,Lichen planus,,,,Low,Unlikely covered,DermNet NZ (dermnetnz.org)
Dermatology,Malignant melanoma of the skin,,,,High,Likely covered,
Dermatology,Molluscum contagiosum,,,,Low,Likely covered,
Dermatology,Non-blanching rashes,,,,Medium,Partially covered,DermNet NZ (dermnetnz.org)
Dermatology,Pemphigus,,,,Low,Likely covered,
Dermatology,Pityriasis rosea,,,,Low,Likely covered,
Dermatology,Pruritus,,,,Low,Likely covered,
Dermatology,Psoriasis,,,,High,Likely covered,
Dermatology,Rash,,,,Medium,Likely covered,
Dermatology,Ringworm,,,,Low,Likely covered,
Dermatology,Scabies,,,,Medium,Likely covered,
Dermatology,Seborrhoeic dermatitis,,,,Medium,Likely covered,
Dermatology,Skin and soft tissue surgery including skin cancers,,,,Low,Likely covered,
Dermatology,"Skin cancers (SCC, BCC, Melanoma)",,,,Medium,Likely covered,
Dermatology,Skin lesions,,,,Medium,Likely covered,
Dermatology,Squamous cell carcinoma (SCC),,,,High,Likely covered,
Dermatology,Steven–Johnson syndrome (SJS)*,,,,Low,Likely covered,
Dermatology,Toxic epidermal necrolysis (TEN),,,,Low,Likely covered,
ENT,Acute Labrynthitis,,,,Low,Unlikely covered,Zero to Finals - ENT
ENT,Acute otitis externa,,,,Medium,Likely covered,
ENT,Acute otitis media and sequelae,,,,Medium,Likely covered,
ENT,Biceps femoris (Hamstring) TEARS,,,,Low,Partially covered,Zero to Finals - ENT
ENT,ECG (start early — it takes repeated exposure to get fluent),,,,Low,Likely covered,
ENT,Ear pain and/or discharge,,,,Medium,Partially covered,Zero to Finals - ENT
ENT,Epiglottitis,,,,Low,Likely covered,
ENT,Epistaxis,,,,Medium,Likely covered,
ENT,"FBC, UEC, LFTs — the ""core bloods"" you'll see in nearly every case",,,,Low,Unlikely covered,Zero to Finals - ENT
ENT,Hearing Impairment,,,,Medium,Likely covered,
ENT,Laryngitis,,,,Low,Unlikely covered,Zero to Finals - ENT
ENT,Meniere's,,,,Low,Likely covered,
ENT,Pharyngitis,,,,Medium,Unlikely covered,Zero to Finals - ENT
ENT,Sick Sinus Syndrome,,,,Low,Likely covered,
ENT,Snoring,,,,Low,Likely covered,
ENT,"Throat – Pain, mass",,,,Medium,Partially covered,Zero to Finals - ENT
ENT,Tinnitus,,,,Low,Likely covered,
ENT,Upper airway obstruction,,,,Medium,Partially covered,Zero to Finals - ENT
ENT,Vestibular schwannoma,,,,Low,Likely covered,
ENT,meniscal tear,,,,Low,Unlikely covered,Zero to Finals - ENT
Ophthalmology,Acute Glaucoma,,,,Medium,Likely covered,
Ophthalmology,Acute angle closure glaucoma,,,,Medium,Likely covered,
Ophthalmology,Age-related Macular Degeneration,,,,Low,Likely covered,
Ophthalmology,Amblyopia,,,,Low,Unlikely covered,"Zero to Finals - Ophthalmology, or Eye Rounds (webeyerounds)"
Ophthalmology,Ametropia,,,,Low,Unlikely covered,"Zero to Finals - Ophthalmology, or Eye Rounds (webeyerounds)"
Ophthalmology,Anisocoria,,,,Low,Unlikely covered,"Zero to Finals - Ophthalmology, or Eye Rounds (webeyerounds)"
Ophthalmology,Anterior uveitis,,,,Low,Likely covered,
Ophthalmology,Cataracts,,,,Low,Likely covered,
Ophthalmology,Central Retinal Artery Occlusion,,,,Medium,Likely covered,
Ophthalmology,Chronic Glaucoma,,,,Medium,Likely covered,
Ophthalmology,Conjunctivitis,,,,Medium,Likely covered,
Ophthalmology,Corneal abrasions,,,,Low,Unlikely covered,"Zero to Finals - Ophthalmology, or Eye Rounds (webeyerounds)"
Ophthalmology,Diplopia,,,,Low,Unlikely covered,"Zero to Finals - Ophthalmology, or Eye Rounds (webeyerounds)"
Ophthalmology,Endopthalmitis,,,,Low,Unlikely covered,"Zero to Finals - Ophthalmology, or Eye Rounds (webeyerounds)"
Ophthalmology,Episcleritis,,,,Low,Likely covered,
Ophthalmology,Eye trauma,,,,Medium,Likely covered,
Ophthalmology,Eye- Painful eye,,,,Medium,Likely covered,
Ophthalmology,Eye- Red eye,,,,High,Likely covered,
Ophthalmology,Eye- Vision loss (acute and chronic),,,,Medium,Likely covered,
Ophthalmology,Eyelid disorders,,,,Low,Unlikely covered,"Zero to Finals - Ophthalmology, or Eye Rounds (webeyerounds)"
Ophthalmology,"Fundoscopy, Otoscopy",,,,Low,Unlikely covered,"Zero to Finals - Ophthalmology, or Eye Rounds (webeyerounds)"
Ophthalmology,Glaucoma,,,,Medium,Likely covered,
Ophthalmology,Hypertensive retinopathy,,,,Low,Likely covered,
Ophthalmology,Keratitis,,,,Low,Likely covered,
Ophthalmology,Optic neuritis,,,,Low,Likely covered,
Ophthalmology,Primary open-angle glaucoma,,,,Medium,Likely covered,
Ophthalmology,Retinal detachment,,,,Low,Likely covered,
Ophthalmology,Retinal vein occlusion,,,,Medium,Likely covered,
Ophthalmology,Retinitis pigmentosa,,,,Low,Unlikely covered,"Zero to Finals - Ophthalmology, or Eye Rounds (webeyerounds)"
Ophthalmology,Scleritis,,,,Low,Likely covered,
Ophthalmology,Strabismus,,,,Low,Likely covered,
Ophthalmology,Subconjunctival haemorrhage,,,,Medium,Likely covered,
Ophthalmology,Visual Disturbance,,,,Medium,Unlikely covered,"Zero to Finals - Ophthalmology, or Eye Rounds (webeyerounds)"
Ophthalmology,Visual field defects - eg hemianopias,,,,Low,Partially covered,"Zero to Finals - Ophthalmology, or Eye Rounds (webeyerounds)"
Clinical Process / EBM / Consent & Capacity (NEW),Capacity to consent / refuse treatment,,,,High,N/A - new category,AHPRA Good Medical Practice code
Clinical Process / EBM / Consent & Capacity (NEW),Clinical formulation / structured clinical reasoning,,,,Medium,N/A - new category,AHPRA Good Medical Practice code
"General Practice, Preventive Med, Ethics & Communication","Addressing ideas, concerns and expectations (ICE)",,,,Medium,Unlikely covered,Geeky Medics OSCE guides; RACGP curriculum / Murtagh's for AU-specific content
"General Practice, Preventive Med, Ethics & Communication",Assessment and Basic Management of Pain,,,,Medium,Partially covered,Geeky Medics OSCE guides; RACGP curriculum / Murtagh's for AU-specific content
"General Practice, Preventive Med, Ethics & Communication",Breaking bad news,,,,High,Unlikely covered,Geeky Medics OSCE guides; RACGP curriculum / Murtagh's for AU-specific content
"General Practice, Preventive Med, Ethics & Communication",Continuity of care,,,,High,Likely covered,
"General Practice, Preventive Med, Ethics & Communication",Counselling stations,,,,Medium,Likely covered,
"General Practice, Preventive Med, Ethics & Communication",Dealing with an inappropriate patient (e.g. a flirtatious patient),,,,Medium,Unlikely covered,Geeky Medics OSCE guides; RACGP curriculum / Murtagh's for AU-specific content
"General Practice, Preventive Med, Ethics & Communication",Discussing end-of-life care,,,,High,Likely covered,
"General Practice, Preventive Med, Ethics & Communication",Discussion/referral to specialities,,,,Medium,Unlikely covered,Geeky Medics OSCE guides; RACGP curriculum / Murtagh's for AU-specific content
"General Practice, Preventive Med, Ethics & Communication",Documenting in the medical notes,,,,Medium,Unlikely covered,Geeky Medics OSCE guides; RACGP curriculum / Murtagh's for AU-specific content
"General Practice, Preventive Med, Ethics & Communication",Domestic violence,,,,High,Unlikely covered,Geeky Medics OSCE guides; RACGP curriculum / Murtagh's for AU-specific content
"General Practice, Preventive Med, Ethics & Communication",Driving issues and fitness to drive,,,,Low,Partially covered,Geeky Medics OSCE guides; RACGP curriculum / Murtagh's for AU-specific content
"General Practice, Preventive Med, Ethics & Communication",Explaining a medical error (e.g. incorrect medication),,,,Medium,Unlikely covered,Geeky Medics OSCE guides; RACGP curriculum / Murtagh's for AU-specific content
"General Practice, Preventive Med, Ethics & Communication",Giving/receiving handover and prioritisation of jobs,,,,Medium,Unlikely covered,Geeky Medics OSCE guides; RACGP curriculum / Murtagh's for AU-specific content
"General Practice, Preventive Med, Ethics & Communication",Health promotion and patient education,,,,Medium,Partially covered,Geeky Medics OSCE guides; RACGP curriculum / Murtagh's for AU-specific content
"General Practice, Preventive Med, Ethics & Communication",Hospital avoidance,,,,Medium,Unlikely covered,Geeky Medics OSCE guides; RACGP curriculum / Murtagh's for AU-specific content
"General Practice, Preventive Med, Ethics & Communication",Immunisation,,,,High,Unlikely covered,Geeky Medics OSCE guides; RACGP curriculum / Murtagh's for AU-specific content
"General Practice, Preventive Med, Ethics & Communication",Initial diagnostic strategy/investigation for common presentations in General Practice,,,,Medium,Unlikely covered,Geeky Medics OSCE guides; RACGP curriculum / Murtagh's for AU-specific content
"General Practice, Preventive Med, Ethics & Communication",Key factors to consider when selecting the most appropriate medication,,,,Medium,Unlikely covered,Geeky Medics OSCE guides; RACGP curriculum / Murtagh's for AU-specific content
"General Practice, Preventive Med, Ethics & Communication",Life Style related Diseases (SNAP),,,,Medium,Partially covered,Geeky Medics OSCE guides; RACGP curriculum / Murtagh's for AU-specific content
"General Practice, Preventive Med, Ethics & Communication",Managing complaints (e.g. cancelled surgery),,,,Medium,Partially covered,Geeky Medics OSCE guides; RACGP curriculum / Murtagh's for AU-specific content
"General Practice, Preventive Med, Ethics & Communication",Mandatory reporting (Overall Skill),,,,Medium,Unlikely covered,Geeky Medics OSCE guides; RACGP curriculum / Murtagh's for AU-specific content
"General Practice, Preventive Med, Ethics & Communication",Motivational interviewing: stages of change model,,,,High,Unlikely covered,Geeky Medics OSCE guides; RACGP curriculum / Murtagh's for AU-specific content
"General Practice, Preventive Med, Ethics & Communication",Palliative care in community and end-of-life decision,,,,Medium,Likely covered,
"General Practice, Preventive Med, Ethics & Communication",Polypharmacy,,,,High,Unlikely covered,Geeky Medics OSCE guides; RACGP curriculum / Murtagh's for AU-specific content
"General Practice, Preventive Med, Ethics & Communication","Preventative medicine in General Practice including cancer screen, premature cardiovascular diseases, infections, diabetes, conditions occurring during pregnancy, genetic disorders, behavioural disorders, smoking cessation",,,,High,Likely covered,
"General Practice, Preventive Med, Ethics & Communication",Safeguarding (e.g explaining a safeguarding referral),,,,Medium,Unlikely covered,Geeky Medics OSCE guides; RACGP curriculum / Murtagh's for AU-specific content
"General Practice, Preventive Med, Ethics & Communication",Talking to angry patients or relatives,,,,Medium,Unlikely covered,Geeky Medics OSCE guides; RACGP curriculum / Murtagh's for AU-specific content
"General Practice, Preventive Med, Ethics & Communication","The family, families in crisis, significant presentations of family dysfunction",,,,Medium,Unlikely covered,Geeky Medics OSCE guides; RACGP curriculum / Murtagh's for AU-specific content
"General Practice, Preventive Med, Ethics & Communication",Unique features of General practice,,,,Medium,Unlikely covered,Geeky Medics OSCE guides; RACGP curriculum / Murtagh's for AU-specific content
Obstetrics,"Abortion, hydatidiform mole, choriocarcinoma",,,,Low,Unlikely covered,Zero to Finals - Obstetrics
Obstetrics,"Abruptio placentae, placenta praevia",,,,Low,Likely covered,
Obstetrics,"Amniotic fluid disorders (e.g. oligohydramnios, polyhydramnios)",,,,Low,Likely covered,
Obstetrics,Antenatal and postnatal share care,,,,Medium,Likely covered,
Obstetrics,Antepartum haemorrhage (APH),,,,Medium,Partially covered,Zero to Finals - Obstetrics
Obstetrics,"Beta-hCG (serum) (added), Obstetric ultrasound, Fetal ultrasound",,,,Low,Unlikely covered,Zero to Finals - Obstetrics
Obstetrics,Birth asphyxia and resuscitation,,,,Low,Partially covered,Zero to Finals - Obstetrics
Obstetrics,Bleeding in early pregnancy,,,,Medium,Likely covered,
Obstetrics,Bleeding in late pregnancy,,,,Medium,Likely covered,
Obstetrics,Blood group & antibody screen (added),,,,Medium,Unlikely covered,Zero to Finals - Obstetrics
Obstetrics,Breech position,,,,Low,Likely covered,
Obstetrics,CTG,,,,Low,Unlikely covered,Zero to Finals - Obstetrics
Obstetrics,Caesarean section,,,,Low,Likely covered,
Obstetrics,Congenital birth defects,,,,Low,Partially covered,Zero to Finals - Obstetrics
Obstetrics,Cord prolapse,,,,Medium,Likely covered,
Obstetrics,Disorders of labour,,,,Medium,Likely covered,
Obstetrics,Ectopic Pregnancy,,,,High,Likely covered,
Obstetrics,"Foetal Distress (including CTG), dystocia, errors of polarity and presentations",,,,Low,Unlikely covered,Zero to Finals - Obstetrics
Obstetrics,Group B strep swab,,,,Low,Likely covered,
Obstetrics,Growth restriction and monitor,,,,Low,Unlikely covered,Zero to Finals - Obstetrics
Obstetrics,Labour – analgesia & anaesthesia,,,,Low,Partially covered,Zero to Finals - Obstetrics
Obstetrics,"Medical disorders in pregnancy – endocrine, asthma, hypertension, anaemia, thromboembolism, UTI and other infections",,,,Medium,Likely covered,
Obstetrics,Miscarriage,,,,Medium,Likely covered,
Obstetrics,Nausea and vomiting in pregnancy,,,,Medium,Likely covered,
Obstetrics,Newborn examination and screening,,,,Medium,Partially covered,Zero to Finals - Obstetrics
Obstetrics,"Normal Labour, mechanism & conduct of birth",,,,Low,Partially covered,Zero to Finals - Obstetrics
Obstetrics,"Normal pregnancy including diagnosis and antenatal care, including dating and screening",,,,Medium,Partially covered,Zero to Finals - Obstetrics
Obstetrics,Other medical disorders in pregnancy eg epilepsy,,,,Medium,Partially covered,Zero to Finals - Obstetrics
Obstetrics,"Placental disorders (e.g. placenta praevia, placental abruption, placenta accreta)",,,,Low,Likely covered,
Obstetrics,Post Partum Hemmorage,,,,Medium,Partially covered,Zero to Finals - Obstetrics
Obstetrics,Postnatal blues (‘baby blues’),,,,Low,Partially covered,Zero to Finals - Obstetrics
Obstetrics,Postpartum Breast Conditions & Lactation Issues,,,,Medium,Partially covered,Zero to Finals - Obstetrics
Obstetrics,Postpartum Haemorrhage,,,,High,Likely covered,
Obstetrics,Preeclampsia and eclampsia,,,,Medium,Likely covered,
Obstetrics,"Preterm birth (complications, morbidity & mortality), low birth weight",,,,Medium,Partially covered,Zero to Finals - Obstetrics
Obstetrics,Preterm labour & Premature Rupture of membrane,,,,Low,Unlikely covered,Zero to Finals - Obstetrics
Obstetrics,Reduced foetal movements,,,,Low,Likely covered,
Obstetrics,Rhesus and ABO incompatibility,,,,Low,Unlikely covered,Zero to Finals - Obstetrics
Obstetrics,Role of Midwife,,,,Low,Unlikely covered,Zero to Finals - Obstetrics
Obstetrics,Small for gestational age,,,,Medium,Likely covered,